offset	original	normalized_png	width	height	format
4de22	offset_04de22_40x33.bmp	offset_04de22_40x33.png	40	33	BMP
4edfe	offset_04edfe_40x33.bmp	offset_04edfe_40x33.png	40	33	BMP
4fdda	offset_04fdda_40x33.bmp	offset_04fdda_40x33.png	40	33	BMP
50db6	offset_050db6_40x33.bmp	offset_050db6_40x33.png	40	33	BMP
51d92	offset_051d92_40x33.bmp	offset_051d92_40x33.png	40	33	BMP
52d6e	offset_052d6e_40x33.bmp	offset_052d6e_40x33.png	40	33	BMP
5a3be	offset_05a3be_40x33.bmp	offset_05a3be_40x33.png	40	33	BMP
5b39a	offset_05b39a_40x33.bmp	offset_05b39a_40x33.png	40	33	BMP
5c376	offset_05c376_40x33.bmp	offset_05c376_40x33.png	40	33	BMP
5d352	offset_05d352_40x33.bmp	offset_05d352_40x33.png	40	33	BMP
5e32e	offset_05e32e_40x33.bmp	offset_05e32e_40x33.png	40	33	BMP
5f30a	offset_05f30a_40x33.bmp	offset_05f30a_40x33.png	40	33	BMP
80958	offset_080958_80x80.bmp	offset_080958_80x80.png	80	80	BMP
8acff	offset_08acff_138x139.bmp	offset_08acff_138x139.png	138	139	BMP
98f3f	offset_098f3f_216x60.bmp	offset_098f3f_216x60.png	216	60	BMP
a2781	offset_0a2781_60x31.bmp	offset_0a2781_60x31.png	60	31	BMP
a3db3	offset_0a3db3_60x9.bmp	offset_0a3db3_60x9.png	60	9	BMP
a446a	offset_0a446a_60x12.bmp	offset_0a446a_60x12.png	60	12	BMP
a4d3b	offset_0a4d3b_60x28.bmp	offset_0a4d3b_60x28.png	60	28	BMP
a614c	offset_0a614c_60x60.bmp	offset_0a614c_60x60.png	60	60	BMP
a8bda	offset_0a8bda_200x150.bmp	offset_0a8bda_200x150.png	200	150	BMP
6976a	offset_06976a_400x300.jpg	offset_06976a_400x300.png	400	300	JPEG
706ea	offset_0706ea_80x80.jpg	offset_0706ea_80x80.png	80	80	JPEG
712bb	offset_0712bb_80x80.jpg	offset_0712bb_80x80.png	80	80	JPEG
72027	offset_072027_80x80.jpg	offset_072027_80x80.png	80	80	JPEG
72d2c	offset_072d2c_80x80.jpg	offset_072d2c_80x80.png	80	80	JPEG
73886	offset_073886_80x80.jpg	offset_073886_80x80.png	80	80	JPEG
745e5	offset_0745e5_80x80.jpg	offset_0745e5_80x80.png	80	80	JPEG
752dd	offset_0752dd_80x80.jpg	offset_0752dd_80x80.png	80	80	JPEG
75e42	offset_075e42_80x80.jpg	offset_075e42_80x80.png	80	80	JPEG
768fa	offset_0768fa_80x80.jpg	offset_0768fa_80x80.png	80	80	JPEG
775e5	offset_0775e5_80x80.jpg	offset_0775e5_80x80.png	80	80	JPEG
7824e	offset_07824e_80x80.jpg	offset_07824e_80x80.png	80	80	JPEG
790a7	offset_0790a7_80x80.jpg	offset_0790a7_80x80.png	80	80	JPEG
7a0e2	offset_07a0e2_80x80.jpg	offset_07a0e2_80x80.png	80	80	JPEG
7b09a	offset_07b09a_80x80.jpg	offset_07b09a_80x80.png	80	80	JPEG
7be56	offset_07be56_80x80.jpg	offset_07be56_80x80.png	80	80	JPEG
7ccca	offset_07ccca_80x80.jpg	offset_07ccca_80x80.png	80	80	JPEG
7dcd8	offset_07dcd8_80x80.jpg	offset_07dcd8_80x80.png	80	80	JPEG
7f020	offset_07f020_80x80.jpg	offset_07f020_80x80.png	80	80	JPEG
7fd89	offset_07fd89_80x80.jpg	offset_07fd89_80x80.png	80	80	JPEG
8549a	offset_08549a_80x80.jpg	offset_08549a_80x80.png	80	80	JPEG
86019	offset_086019_80x80.jpg	offset_086019_80x80.png	80	80	JPEG
86bb1	offset_086bb1_80x80.jpg	offset_086bb1_80x80.png	80	80	JPEG
8782f	offset_08782f_80x80.jpg	offset_08782f_80x80.png	80	80	JPEG
883f9	offset_0883f9_80x80.jpg	offset_0883f9_80x80.png	80	80	JPEG
8908c	offset_08908c_80x80.jpg	offset_08908c_80x80.png	80	80	JPEG
89cca	offset_089cca_80x80.jpg	offset_089cca_80x80.png	80	80	JPEG
4c3d0	offset_04c3d0_78x32.gif	offset_04c3d0_78x32.png	78	32	GIF
4c8f4	offset_04c8f4_78x32.gif	offset_04c8f4_78x32.png	78	32	GIF
54e94	offset_054e94_32x32.gif	offset_054e94_32x32.png	32	32	GIF
55377	offset_055377_32x32.gif	offset_055377_32x32.png	32	32	GIF
55878	offset_055878_32x32.gif	offset_055878_32x32.png	32	32	GIF
55d9e	offset_055d9e_32x32.gif	offset_055d9e_32x32.png	32	32	GIF
562bb	offset_0562bb_32x32.gif	offset_0562bb_32x32.png	32	32	GIF
56785	offset_056785_32x32.gif	offset_056785_32x32.png	32	32	GIF
56b90	offset_056b90_32x32.gif	offset_056b90_32x32.png	32	32	GIF
56f97	offset_056f97_32x32.gif	offset_056f97_32x32.png	32	32	GIF
573a1	offset_0573a1_32x32.gif	offset_0573a1_32x32.png	32	32	GIF
578c6	offset_0578c6_32x32.gif	offset_0578c6_32x32.png	32	32	GIF
57df6	offset_057df6_32x32.gif	offset_057df6_32x32.png	32	32	GIF
58344	offset_058344_32x32.gif	offset_058344_32x32.png	32	32	GIF
58885	offset_058885_32x32.gif	offset_058885_32x32.png	32	32	GIF
58d4f	offset_058d4f_32x32.gif	offset_058d4f_32x32.png	32	32	GIF
59159	offset_059159_32x32.gif	offset_059159_32x32.png	32	32	GIF
59562	offset_059562_32x32.gif	offset_059562_32x32.png	32	32	GIF
635a8	offset_0635a8_74x22.gif	offset_0635a8_74x22.png	74	22	GIF
63a4c	offset_063a4c_74x22.gif	offset_063a4c_74x22.png	74	22	GIF
63fa6	offset_063fa6_74x22.gif	offset_063fa6_74x22.png	74	22	GIF
643e1	offset_0643e1_74x22.gif	offset_0643e1_74x22.png	74	22	GIF
64953	offset_064953_74x22.gif	offset_064953_74x22.png	74	22	GIF
64dee	offset_064dee_74x22.gif	offset_064dee_74x22.png	74	22	GIF
6535a	offset_06535a_74x22.gif	offset_06535a_74x22.png	74	22	GIF
65905	offset_065905_74x22.gif	offset_065905_74x22.png	74	22	GIF
65fb1	offset_065fb1_74x22.gif	offset_065fb1_74x22.png	74	22	GIF
663c9	offset_0663c9_74x22.gif	offset_0663c9_74x22.png	74	22	GIF
6686c	offset_06686c_74x22.gif	offset_06686c_74x22.png	74	22	GIF
66c6b	offset_066c6b_74x22.gif	offset_066c6b_74x22.png	74	22	GIF
6710a	offset_06710a_73x21.gif	offset_06710a_73x21.png	73	21	GIF
67543	offset_067543_73x21.gif	offset_067543_73x21.png	73	21	GIF
67a24	offset_067a24_74x22.gif	offset_067a24_74x22.png	74	22	GIF
67e2c	offset_067e2c_74x22.gif	offset_067e2c_74x22.png	74	22	GIF
682b1	offset_0682b1_74x22.gif	offset_0682b1_74x22.png	74	22	GIF
686b9	offset_0686b9_74x22.gif	offset_0686b9_74x22.png	74	22	GIF